wpm,combo_length,mistake_count,recent_accuracy,wave_number,difficulty_label
54.96714153011233,11,4,0.8156378210944035,7,0
48.61735698828815,16,7,0.7129889705480015,5,0
56.47688538100692,7,6,0.7700912741750776,6,0
65.23029856408026,10,8,0.6150284361595629,8,2
47.658466252766644,2,7,0.651146720488967,10,0
47.6586304305082,5,1,0.9062187002063443,4,1
65.79212815507391,8,9,0.6000046539021464,7,0
57.67434729152909,5,3,0.7666263313929169,6,0
45.30525614065048,8,5,0.8090040724342353,10,0
55.42560043585965,6,1,0.6218537680003889,2,0
45.365823071875376,8,6,0.9892312651889331,8,1
45.34270246429743,17,2,0.6904501324998688,10,0
52.41962271566034,11,2,0.7216794878545123,9,0
30.86719755342202,7,1,0.7215770049020109,5,0
32.75082167486967,7,7,0.69216666484694,10,0
44.37712470759027,17,5,0.6005895288345245,4,0
39.87168879665576,19,0,0.8917379176351985,6,0
53.142473325952736,14,0,0.9867381999197141,8,1
40.91975924478789,6,6,0.689717393314018,3,0
35.87696298664709,10,7,0.8652188767213689,10,0
64.65648768921554,19,4,0.896758530783486,1,2
47.74223699513465,15,4,0.9393701516362098,4,1
50.67528204687924,3,3,0.7690516788054437,4,0
35.75251813786544,5,5,0.7211723622561717,1,0
44.556172754748175,2,5,0.7301180536092124,9,0
51.10922589709866,8,2,0.8850485332394051,3,1
38.490064225776976,9,8,0.9267117866022544,5,0
53.75698018345672,13,6,0.672645587102641,6,0
43.99361310081195,10,0,0.7483764032631061,8,0
47.083062502067236,17,6,0.96077607869966,6,1
43.98293387770603,11,4,0.9226774078778957,3,0
68.52278184508938,11,4,0.9939433611049904,6,2
49.86502775262066,12,1,0.9016993038728323,1,1
39.422890710440996,12,3,0.757278080411169,4,0
58.225449121031886,18,5,0.8362551335978551,6,0
37.791563500289776,18,9,0.8644057016989282,7,0
52.08863595004755,13,6,0.6313823265268496,10,0
30.403298761202244,3,4,0.817798783641546,3,0
36.71813951101569,12,8,0.8837283313890438,9,0
51.96861235869123,7,2,0.6669285216004242,7,0
57.38466579995411,18,0,0.9122526869702229,1,1
51.7136828118997,11,3,0.8335091122056446,2,0
48.843517176117594,17,8,0.9808887142790379,1,1
46.98896304410711,5,3,0.6169689192827567,9,0
35.214780096325725,17,1,0.7061304550221867,9,0
42.801557916052914,18,9,0.8406215517199296,7,0
45.393612290402125,4,4,0.7186239648823722,10,0
60.57122226218915,8,2,0.8857696656284968,3,1
53.43618289568462,2,8,0.9036021130087724,5,1
32.36959844637266,9,3,0.6410063856265897,4,0
53.24083969394795,18,5,0.8055417856827071,7,0
46.149177195836835,2,1,0.8035562222364223,9,0
43.23077999694041,14,5,0.7477123080862165,2,0
56.11676288840868,0,2,0.9731699450278688,8,1
60.30999522495951,6,8,0.9310025279492885,9,1
59.31280119116199,11,1,0.8788837527638547,10,1
41.607824767773614,16,8,0.885730654293999,10,0
46.907876241487855,19,4,0.7846864575252477,9,0
53.31263431403564,4,7,0.9683978084386303,10,1
59.75545127122359,3,1,0.8778381709013141,7,1
45.2082576215471,11,5,0.8915924246623266,9,1
48.14341023336183,19,2,0.9446763615149381,9,1
38.93665025993972,17,9,0.7096286357368764,3,0
38.037933759193294,16,4,0.9228283615466812,4,0
58.125258223941984,18,7,0.6780962411825968,2,0
63.56240028570823,8,9,0.7381367808979551,10,0
49.27989878419666,3,0,0.734244181707937,3,0
60.03532897892024,1,4,0.9914101873556562,5,1
53.61636025047634,3,2,0.9426148894991707,5,1
43.54880245394876,1,3,0.8804679446361039,6,0
53.61395605508414,14,1,0.8908227046461561,7,1
65.38036566465969,1,8,0.8248291177610284,7,0
49.64173960890049,3,2,0.9788362668434076,1,1
65.64643655814007,5,1,0.7985035011529447,2,0
23.802548959102555,6,9,0.7522070839479578,9,0
58.21902504375224,9,8,0.6652141347726364,10,0
50.870470682381715,18,6,0.9144822609044232,2,1
47.009926495341325,18,5,0.8937775728302366,6,1
50.91760776535502,11,0,0.7537420154096539,1,0
30.124310853991073,2,4,0.6100773655836917,3,0
47.80328112162488,12,2,0.9355989310872043,2,1
53.57112571511746,17,0,0.6045671933816295,3,0
64.77894044741517,7,3,0.8814799118516203,5,1
44.81729781726352,14,1,0.9881028438904228,10,0
41.91506397106812,0,1,0.7750645312592814,6,0
44.982429564154636,2,2,0.6939893619983811,9,0
59.15402117702074,7,7,0.8819484040173526,10,1
53.287511096596845,3,7,0.926851256806234,4,1
44.70239796232961,15,6,0.818572126431139,7,0
55.13267433113356,9,5,0.9868141101024585,6,1
50.9707754934804,11,8,0.6206674886631844,2,0
59.68644990532889,13,3,0.8019182393218113,10,0
42.979469061226474,13,0,0.88738157892902,8,0
46.723378534022316,1,7,0.9450561884596715,7,1
46.078918468678424,4,6,0.671702244763116,7,0
35.364850518678814,4,6,0.9200013927054725,8,0
52.96120277064576,5,2,0.8210828302874181,1,0
52.610552721798896,12,3,0.7586214727959852,1,0
50.05113456642461,8,9,0.6526860114316374,8,0
47.65412866624853,14,8,0.946118303563565,4,1
35.84629257949586,13,5,0.6629092832718861,5,0
45.79354677234641,6,4,0.7239151436836397,8,0
46.572854834732304,19,2,0.7160182127849748,5,0
41.97722730778381,1,8,0.9485656136763417,10,0
48.387142883339905,6,4,0.8690811976835592,4,1
54.040508568145384,5,4,0.918672558876549,6,1
68.8618590121053,16,3,0.7001871595169996,5,2
51.74577812831839,1,3,0.8499496398427996,7,0
52.57550390722764,2,0,0.8286983932574995,10,0
49.25554084233833,4,6,0.9331321507153084,7,1
30.812287847009586,4,8,0.9624348241925043,4,0
49.73486124550783,0,2,0.6048627085909547,5,0
50.60230209941027,7,1,0.8696079676235171,3,1
74.63242112485287,11,2,0.6207343196478916,4,2
48.076390352188774,3,0,0.8195434660309424,4,0
53.015473423336125,12,5,0.7150530916174713,3,0
49.65288230294757,14,6,0.7227106398088565,10,0
38.31321962380468,10,1,0.7411834013809426,5,0
61.42822814515021,9,7,0.8485169796198441,5,2
57.519330326867745,2,5,0.7336199862675077,7,0
57.910319470430466,13,3,0.8930796202361122,4,1
40.906125452052606,15,4,0.7618109542295479,4,0
64.02794310936099,9,7,0.6273412801239834,9,2
35.98148937207719,9,2,0.9135039369936429,6,0
55.868570938002705,11,2,0.7143033298370824,4,0
71.90455625809979,8,3,0.773106751839705,2,0
40.09463674869312,0,0,0.8741775532887606,6,0
44.33702270397228,4,8,0.7329824628594848,2,0
50.99651365087641,19,7,0.6226342624586862,5,0
44.96524345883801,7,7,0.7495684188051255,6,0
34.493365689338674,10,9,0.9777794330777214,4,0
50.68562974806027,11,5,0.8566937589194232,3,1
39.37696286273895,0,6,0.8685916594668828,7,0
54.73592430635182,19,5,0.8529128614550558,2,1
40.80575765766197,10,8,0.6795968555837747,6,0
65.4993440501754,4,2,0.767333545640912,4,0
42.16746707663763,14,2,0.9003759193453273,6,0
46.77938483794324,4,2,0.6405491590212636,4,0
58.135172173696695,11,9,0.7111411104358849,4,0
37.69135683566045,4,2,0.7105276433863414,4,0
52.27459934604129,16,8,0.7728075710378024,9,0
63.07142754282428,16,3,0.992147496376874,7,2
33.92516765438772,11,6,0.6270010186735288,3,0
51.84633858532304,14,8,0.807480397752238,3,0
52.598827942484235,14,6,0.6717458728048842,6,0
57.8182287177731,5,8,0.9882706181638976,6,1
37.63049289121918,11,2,0.6453214018909856,4,0
36.795433869157236,19,3,0.7614404009446365,9,0
55.21941565616898,17,7,0.8951539939338424,4,1
52.96984673233186,13,5,0.8818217712109782,9,1
52.504928503458764,1,4,0.7690914547575729,4,0
53.46448209496975,8,3,0.7386096671810873,2,0
43.19975278421509,4,7,0.7590449514211483,2,0
52.322536971610035,19,0,0.7057105052634557,5,0
52.93072473298681,0,8,0.6821331754827199,4,0
42.85648581973632,2,0,0.793215879023556,7,0
68.65774511144757,5,7,0.7074135024270429,5,0
54.73832920911788,4,3,0.7149846659589001,6,0
38.08696502797351,4,8,0.8627024253898228,10,0
56.5655360863383,0,4,0.9874149326799568,4,1
40.253183297726785,16,2,0.84145488022375,2,0
57.87084603742452,18,8,0.6307917868259865,10,0
61.58595579007404,13,8,0.6302334455416267,9,2
41.7931768164829,11,3,0.9805692883382264,10,0
59.63376129244322,9,3,0.7189163161229335,7,0
54.12780926936498,19,7,0.6368267944329902,4,0
58.2206015999449,17,1,0.8396178348601526,3,0
68.96792982653947,10,8,0.8494595113161064,10,2
47.54611883997129,1,5,0.8594019280474752,3,1
42.4626383564251,17,8,0.7069608111430166,9,0
41.10485570374477,6,7,0.60604427368579,5,0
41.841897150345616,14,6,0.9860061477817887,3,0
49.228982905858956,10,0,0.700357218276441,5,0
53.41151974816644,17,2,0.870410515221019,2,1
52.766907993300194,11,1,0.8826519479514838,4,1
58.27183249036024,5,4,0.8440029668317943,10,0
50.13001891877907,19,4,0.7251629576854592,2,0
64.53534077157317,12,4,0.7084385015056263,2,2
47.35343166762044,19,3,0.8390673130810813,8,0
75.0,15,4,0.9464382534446766,1,2
56.25667347765006,17,2,0.9786934915693583,7,1
41.42842443583717,9,0,0.642362321761503,5,0
39.29107501938888,7,4,0.661931445039088,8,0
54.824724152431855,17,8,0.9778945035132318,1,1
47.76537214674149,0,8,0.894614091333917,7,1
57.14000494092092,7,3,0.9531975299319092,5,1
54.73237624573545,5,2,0.6810530536541373,4,0
49.271710873431275,4,0,0.8350343484437608,7,0
41.532062819315954,14,1,0.8804558377669894,10,0
34.851527753141355,14,7,0.872044754178789,2,0
45.53485047932979,1,0,0.7632606763466793,1,0
58.56398794323472,0,7,0.6061579566765234,1,0
52.14093744130204,10,6,0.8331704227217053,1,0
37.542612212880115,9,7,0.7012406156718435,5,0
51.73180925851182,17,5,0.7801016984571562,10,0
53.85317379728837,17,8,0.9830324060335269,7,1
41.16142563798867,16,2,0.7596141270569738,2,0
51.53725105945528,7,9,0.9359206426657707,10,1
50.58208718446,14,3,0.6754162422997004,8,0
38.57029702169377,7,5,0.8689841992100116,4,0
53.577873603482836,16,7,0.9908027817755773,3,1
55.60784526368234,11,4,0.6407572403491747,10,0
60.830512431752766,7,2,0.6033279768908768,8,0
60.53802052034903,13,5,0.7734331170530457,2,2
36.22330632042909,3,3,0.6370501932205469,3,0
40.62174960084877,0,8,0.8993537398704925,3,0
55.1503526720866,0,2,0.9658194655394235,10,1
55.13785950912209,18,3,0.7736083890835035,1,0
55.150476863060476,15,6,0.7034846568621764,6,0
75.0,13,6,0.7737613276026439,2,2
55.70890510693167,15,3,0.8893791271400004,1,1
61.35565640180599,4,5,0.6036216646321484,2,0
59.54001763493203,8,2,0.8357815957938789,6,0
56.51391251305798,1,5,0.8453166739549516,4,0
46.84730755359654,17,1,0.8550752987583742,6,1
57.589692204932675,5,7,0.6968088319923509,9,0
42.27174785462428,8,1,0.8856210893512506,10,0
47.63181393259991,0,6,0.6365565945327105,10,0
45.14636452170897,8,8,0.6797081345867203,8,0
50.81874139386323,15,0,0.9509880186617927,1,1
73.14658566673509,12,7,0.8954892602906266,8,2
31.32734807408252,8,6,0.605498221604538,9,0
56.86260190374514,12,5,0.6993505041479201,6,0
33.87284128810349,8,5,0.6857625931972658,10,0
45.280681342105666,10,5,0.708322531214789,5,0
60.889505969673664,3,8,0.6990239081119546,6,0
50.64280019095463,1,1,0.6250105182971383,6,0
39.22255222070694,5,0,0.7835762066387282,9,0
42.84696290740032,13,5,0.893093389914466,4,0
56.79597748934676,3,9,0.8426926898869745,2,0
42.69633368282864,5,7,0.8691486674392319,9,0
52.16458589581975,18,2,0.6324596714144957,2,0
50.45571839903814,5,9,0.9805962840707149,10,1
43.483996523941826,1,0,0.93539673353721,9,0
71.43944089325325,17,8,0.9220361273982651,2,2
56.33919022318011,12,0,0.929193522016707,8,1
29.74857413342393,8,2,0.9730842032531045,9,0
51.86454314769428,18,7,0.8177015864454791,10,0
43.38213535231612,12,2,0.6801128071470504,9,0
58.52433334796224,10,3,0.8467134431410165,10,0
42.07479261567299,0,7,0.8971525974671756,9,0
48.85263558533101,6,0,0.8951669573416101,2,1
55.049872789804574,14,5,0.808579609666752,4,0
58.657551941701215,0,0,0.6273834877334312,7,0
37.997035929442234,11,0,0.7484451753720511,2,0
46.654987641590516,6,7,0.9683066433853429,1,1
45.25054688839044,14,3,0.8337795639029704,3,0
43.46670767426288,18,0,0.8153327773022854,4,0
67.65454240281096,0,9,0.7075414057528774,8,0
54.049817109609556,16,6,0.7473795679666315,6,0
37.391160456649544,16,4,0.9581384356612677,2,0
59.17861947054776,2,4,0.8665852190107343,9,1
71.22156197012633,11,0,0.9149548107009331,2,2
60.32465260551147,5,9,0.7817381692270621,5,0
34.80630034045987,10,5,0.8520988877824631,4,0
45.15765927133749,2,8,0.699353443497283,7,0
62.669111491866225,7,8,0.8821843321133944,8,1
42.92330534381219,13,7,0.7710405334813349,5,0
54.43819428146229,13,4,0.7770182059258982,10,0
57.74634053429337,9,0,0.8597289298307527,5,1
40.730695284219166,1,8,0.9745122485875707,2,0
49.404746439382,13,0,0.6256025386434484,8,0
20.0,8,7,0.929897294938803,2,0
39.756123586657104,2,4,0.7169532441648773,10,0
47.4743184860684,7,2,0.7775677818025512,6,0
37.52216818035151,15,6,0.6087653315100036,8,0
66.32411303931636,1,6,0.7204184311337252,6,0
35.69858622039367,5,8,0.8010524970520522,4,0
45.599555133030165,11,6,0.6224704309389756,4,0
51.30740577286091,4,2,0.7964382917532661,6,0
64.41273289066116,1,0,0.970844251543371,4,1
35.6413784882056,15,7,0.642157287243122,8,0
61.63163752154959,4,2,0.9057762912302018,9,1
50.10233061019587,14,7,0.763868421350397,1,0
40.18491348952049,11,7,0.8620694858097352,4,0
54.62103474263271,3,4,0.7040946391940918,4,0
51.9905969557347,14,0,0.6637969050165433,2,0
43.99783122841205,10,9,0.6641850457084906,6,0
50.69802084990019,15,6,0.6281967782572578,3,0
46.1468640313824,5,9,0.6742586819604972,7,0
51.13517345251248,13,4,0.8656877539955873,5,1
56.62130674521047,17,7,0.9526762447374032,4,1
65.86016816145352,11,8,0.9256502742364647,5,2
37.62184501173151,10,6,0.8740537239497936,8,0
71.33033374656267,12,6,0.644172745364441,3,2
30.479122004774982,10,0,0.7156749785183799,7,0
48.482149049644164,15,3,0.7239227501289875,6,0
55.883172064845766,14,1,0.6999827785590484,1,0
52.809918677350325,14,1,0.8060022638838893,7,0
43.77300480179406,3,1,0.814221525951869,7,0
47.918777496427246,10,3,0.7427543900684441,1,0
45.06999065341167,18,0,0.7415156634945744,9,0
44.106352430557884,14,3,0.9314222391624325,6,0
58.496020970210246,3,1,0.9157171393278742,2,1
53.57015485965047,12,4,0.7231183326722983,5,0
43.070904047393455,18,2,0.9655153775493037,4,0
58.995998754332504,1,7,0.9811260068010024,7,1
53.072995208766095,13,3,0.7306970168120164,8,0
58.1286211883896,3,0,0.7417699795172219,1,0
56.29628841923612,15,0,0.8022536613687835,5,0
41.710049890779274,19,9,0.9764483250134695,3,0
44.39818959803031,13,2,0.9505277732569246,1,0
57.472936051232615,14,8,0.6410271850334359,3,0
56.10370265433465,2,6,0.7570922973085665,6,0
49.79098406035852,7,1,0.8213484758999088,7,0
51.17327383308782,15,8,0.801252989020616,8,0
62.77664895788425,9,9,0.6775452271747571,4,2
44.0842861116417,3,1,0.9435267084672618,3,0
55.470973811700375,17,2,0.8707763131987349,5,1
47.97807347566106,1,9,0.9351633499407215,9,1
47.8231879677278,16,1,0.9435057117397889,6,1
60.9877685198719,12,2,0.8993423414662959,9,2
58.2541634898803,3,5,0.7756842404998869,6,0
58.135096360006386,10,8,0.8442187020061698,2,0
63.05478807154329,6,8,0.6641461624478973,5,0
50.21003841632759,11,6,0.869458166989963,9,1
56.81952971294964,9,2,0.6717013022957122,8,0
46.89733243406544,6,3,0.8775798362040628,7,1
53.24166352488442,12,5,0.6918392643015875,1,0
48.698569456323156,6,4,0.6470205200600879,4,0
50.96995964992718,16,1,0.6661137960571829,7,0
55.95157025436914,9,5,0.6007968540876281,7,0
41.81779316766527,9,2,0.887495847141412,6,0
70.9238727568546,3,7,0.8929604196233516,8,1
39.93982618500298,19,1,0.8059733399653037,6,0
37.85811387212268,3,0,0.6645451204221534,10,0
61.581108735000676,6,8,0.6334217350042759,3,0
57.91662693962936,0,2,0.6076515865749148,4,0
56.24119817052155,11,0,0.6662992707860883,3,0
56.2834550926428,12,6,0.9563422139932587,1,1
49.87753227153085,9,9,0.6966147366806728,10,0
41.02745628514168,14,4,0.7417085308868863,5,0
50.75804558193726,12,4,0.6421381937925332,1,0
43.22838288487888,8,0,0.6889445218992681,1,0
59.75119733417751,8,8,0.807689828312082,2,0
48.52942618497861,14,6,0.843101073238261,4,0
41.745028032074885,9,7,0.6981409256664844,6,0
46.78614158347007,9,8,0.6230928636900469,8,0
54.12931454275624,7,5,0.7564131476509595,3,0
44.36275447196025,15,4,0.6936813483705336,1,0
41.77779604433569,16,5,0.6878215692919207,3,0
52.436872114919126,4,1,0.9839451210853821,3,1
52.44966571108723,3,3,0.8465201943702896,5,0
44.9305682462887,17,2,0.8227513772688384,4,0
45.289616943816775,18,6,0.7663100414093288,4,0
52.32049937357636,3,8,0.7715777333720577,9,0
35.51915658502676,6,4,0.8163620015352323,7,0
35.92536225623445,9,5,0.8785719228144429,4,0
42.81555778747564,17,9,0.8808584384727318,3,0
47.86552848288153,18,1,0.6686775630821798,6,0
53.10907565598005,3,2,0.8000451008306508,3,0
64.75356216949552,9,2,0.7647832380136408,6,2
58.576596232020194,0,8,0.9482107865077537,9,1
48.40061470036573,17,6,0.8525675684873506,6,1
49.80983792097311,4,7,0.8130016265663927,4,0
39.97470635362191,14,9,0.6461578568715669,5,0
49.8148686400761,16,8,0.8422551557293646,6,0
47.11341361079862,2,5,0.6468815622720934,3,0
53.227185603380896,11,3,0.7348826302263008,8,0
41.727690564476774,1,0,0.6571367859257328,4,0
55.193465142411725,0,7,0.8768294588097476,8,1
65.32738913002578,16,6,0.682500845534461,10,2
48.91239851543143,15,1,0.7567437492752104,10,0
54.01711722098941,4,7,0.9582699110475115,3,1
56.90143991711113,14,4,0.6817265533595881,10,0
45.987795281141636,2,6,0.8031220255835116,7,0
52.24092481810417,6,3,0.7677086644664088,9,0
50.12592400781795,10,4,0.6072496164182919,4,0
50.97676098548832,9,7,0.9171032454291251,8,1
42.26990216144534,8,0,0.6276183625258399,3,0
50.245101742589426,13,0,0.7897020083907814,7,0
54.979982912454496,12,3,0.82427131797558,3,0
64.51143607795042,1,2,0.8513705826458349,7,1
59.59270826085207,2,9,0.8754526517231502,10,1
71.53182457511556,6,1,0.701308953409086,10,0
42.326524371119504,17,2,0.6039915106633797,6,0
58.723206367206785,2,0,0.8893774649419648,2,1
51.83342005738352,9,0,0.8142626397390315,3,0
71.89802933217672,6,5,0.9344470812828995,6,1
41.91701714644849,8,4,0.9285553451602777,4,0
41.602781578192236,16,7,0.9373304671151532,6,0
44.00607354555978,10,1,0.7940378639918161,1,0
28.76104275690193,6,3,0.7334513583347463,10,0
44.74244978319239,13,7,0.916623281036548,1,0
42.40867338446302,18,5,0.780517645211702,3,0
51.50393786476208,3,0,0.6733768785613737,8,0
53.41755975777159,5,3,0.9419896078245897,8,1
68.76170839215887,9,0,0.9530239507089389,4,2
59.5042383818605,6,1,0.7865239024560681,6,0
44.23096344337597,12,4,0.630279890923915,8,0
41.01585328651642,13,7,0.7551304359667725,7,0
54.919191715065054,3,7,0.9214150637850413,7,1
36.797667929793576,7,2,0.9607096114184914,4,0
68.31458765854353,4,3,0.6813890969990384,9,0
61.79440120721287,0,9,0.6267894448101086,10,0
45.30824347895295,3,5,0.9509401812531355,6,1
32.868654709091224,2,9,0.7557619755915501,3,0
63.538723741654124,8,2,0.8167043857070253,5,0
48.85460154747382,7,1,0.9872263248203036,5,1
62.378163119734616,0,5,0.6266258911656891,5,0
34.05572341205633,5,4,0.8593272029808382,8,0
44.00624977046227,8,9,0.6296421690299469,9,0
50.05243699718183,6,4,0.7501875713866002,9,0
50.46980593764742,3,9,0.9215258180773787,6,1
45.49934528520756,12,4,0.7733888931022538,6,0
56.228499323474985,16,9,0.9988729415611801,9,1
39.32379570617405,1,4,0.8236237139786409,4,0
48.576205149787064,4,2,0.7284648610543814,6,0
51.20295631711899,11,6,0.6880445303619013,4,0
55.14438834058749,7,5,0.7402082137144648,1,0
57.1161487808889,5,3,0.7490133095038203,7,0
38.75357908162131,7,1,0.6274854710895844,10,0
34.65885829264378,17,8,0.7478296797707092,6,0
62.77676821898509,2,0,0.7856954078956899,9,0
53.323140119795916,11,3,0.8890951008955219,7,1
42.51513463443446,2,0,0.8626917938886431,7,0
65.51151975522524,5,5,0.8835062620916616,2,1
51.156746342928585,1,3,0.6033454727507428,9,0
61.792971840638266,11,4,0.6870669598322144,10,2
50.67518481410109,1,4,0.8646737153599426,9,1
70.60747924881987,5,8,0.7935957472718989,6,0
67.55340842443204,16,0,0.6021253902673384,3,2
47.51035851520926,2,1,0.921797856972729,1,1
59.71570950954356,1,5,0.909123829316135,4,1
56.45375949585147,19,4,0.8193676651974251,3,0
63.68631557532349,7,6,0.6265853303105088,1,0
40.35076539419896,11,2,0.9066060198130339,3,0
56.86051459998439,3,2,0.8334854350925456,4,0
60.58424486849588,4,9,0.9127839908631836,8,1
32.41260513576886,12,1,0.9006987969583362,9,0
38.16741487334225,14,2,0.9212008287831348,3,0
29.607678222398995,15,9,0.80720322656185,6,0
47.305931655554424,9,0,0.656129807277406,10,0
57.17542255795962,15,4,0.8684629893518754,5,1
65.02357052096028,11,4,0.8481895140207882,6,2
50.74094780419775,16,6,0.8969012748796348,4,1
66.28615545571292,15,3,0.6679524024202941,10,2
36.198985417851084,11,2,0.6779900799601157,6,0
32.96617560644845,7,0,0.9561638068877314,7,0
49.44452301103381,19,7,0.8999911193808283,9,1
53.840654489393074,2,2,0.9632913954801292,10,1
49.67305251905907,15,1,0.9034861284655683,7,1
29.325578999601234,12,3,0.8388621223961208,6,0
49.10879960487212,18,2,0.8616530948111494,1,1
36.95530499495147,7,0,0.9556511695760039,2,0
56.69672548830039,4,2,0.8315227018047762,1,0
53.66598246096848,19,1,0.8529565297313549,9,1
40.60120213672645,7,7,0.6625906864014403,10,0
44.861330826633065,11,5,0.7895684880464411,10,0
39.40786478111048,0,8,0.8865588447832395,9,0
49.37320902726828,19,7,0.7083770793265461,7,0
59.551423205012384,5,9,0.680901672209814,2,0
40.14273953664456,17,2,0.7255307232897662,6,0
55.040465155178445,7,4,0.6966002511971334,4,0
44.69742381627559,6,6,0.6859650548145584,1,0
42.07127167737656,0,4,0.7699403371472348,1,0
48.929696400454425,15,7,0.9631354055534136,5,1
39.64757677580626,11,4,0.8028238586954873,2,0
44.46350694652818,5,0,0.6751681523261293,4,0
38.021221074111516,19,4,0.6307886677523497,1,0
69.6472513291639,1,3,0.8784624580551701,4,1
50.35263551971729,13,5,0.7531195057745551,6,0
43.00274492007414,3,2,0.9287323786341437,10,0
52.13979910734222,0,4,0.863804307456308,4,1
48.8767195030917,17,1,0.9184965802165475,1,1
47.79030400466777,12,5,0.7087784157673795,7,0
56.14166700043425,1,5,0.8769435689844232,2,1
57.57507710047305,8,4,0.7056247938774876,9,0
44.69498852389472,1,5,0.9756273917801166,3,0
44.2418175935532,8,6,0.8545497126133497,8,0
47.24948302848356,0,4,0.7298047200701369,8,0
26.98078835264415,10,0,0.707804744916909,3,0
34.84808937801448,2,7,0.6763706340286574,4,0
63.66874267444525,19,3,0.8778563835574911,2,2
66.44967713501283,3,8,0.6874862451991709,4,0
47.50963960443622,17,9,0.8381213063709956,9,0
55.765569630557664,5,5,0.705854010770143,2,0
53.112501545435364,2,0,0.8647875779175473,3,1
75.0,10,2,0.9259758914162157,4,2
61.195749114345766,14,2,0.9112100972578613,5,2
48.72082408519233,4,9,0.9043405323723127,1,1
40.44459559399574,19,3,0.6750889622769009,7,0
33.93553679742428,9,5,0.6353539787938075,10,0
52.03463635867223,11,6,0.8795795313949542,7,1
42.436492547156966,14,9,0.7473388855177405,9,0
35.77746290402326,16,3,0.7729384905613389,4,0
43.534271157574736,9,5,0.6124596371173564,6,0
39.18451996385605,5,0,0.7038305797100197,2,0
66.87141635072564,17,7,0.6134705615497856,4,2
58.816397569494505,12,6,0.9516743090404991,2,1
49.92027358683383,2,8,0.6973586732874122,10,0
64.79944138890026,9,2,0.8229348678292032,5,2
50.77368307647618,13,1,0.6155917282644522,7,0
41.38715798671736,5,0,0.8667389565222632,1,0
65.23124077269657,2,2,0.7292109383016375,10,0
55.38910043684659,15,4,0.9591676747830663,10,1
39.62753845673544,6,1,0.9552472755736143,7,0
48.09661321916392,19,2,0.7301162473446992,10,0
41.24381746615243,13,3,0.9603843582761872,6,0
36.172002690356635,8,6,0.9984630693995116,6,0
59.26177547531641,14,2,0.9301662656495793,8,1
69.0941664047013,2,8,0.9379485391020916,8,1
36.01432426180859,1,7,0.699603494443636,6,0
55.62969236690571,1,3,0.8306809595431025,3,0
43.49357430878173,2,0,0.6269023655869471,5,0
45.12874616235304,17,0,0.6379671747286678,2,0
44.07606075761131,13,0,0.9995570448133162,5,0
41.36009230320184,19,0,0.7306556997703644,9,0
50.48521627944827,17,7,0.8992735648195385,10,1
41.69049883588962,9,2,0.9226660212107266,1,0
52.704568257798385,1,5,0.9432093084028916,10,1
49.49761890550863,0,2,0.9990513189608626,5,1
47.6105195313359,3,4,0.6965985941027472,6,0
40.92436337958402,13,6,0.6161403307438799,7,0
44.23228669431667,0,1,0.7644766071978344,9,0
57.55391225825756,13,5,0.6520322679315788,6,0
55.009171876243805,15,5,0.608970355664822,5,0
40.22444755201449,13,2,0.7441707308565945,7,0
50.99332305429226,19,5,0.9134953004300945,1,1
57.51387123371789,2,9,0.8264722764900283,5,0
33.305947188786284,2,9,0.7251111956841416,2,0
55.43360192379935,8,4,0.8617368021970879,4,1
43.37376241054153,5,1,0.6928072721235243,7,0
55.70598668593159,12,8,0.605752578428834,5,0
42.367408434574834,1,7,0.905741354574571,6,0
31.95117899335481,7,2,0.8494972339456036,2,0
33.72457562116837,1,7,0.904921049800384,3,0
50.48084946661382,3,8,0.6155752066750663,7,0
52.59722501721482,14,2,0.9348478511322609,2,1
40.956833748955916,3,2,0.8478104800145213,6,0
56.38592458777374,12,1,0.825358140285056,5,0
33.3847993773104,11,7,0.8498456192458126,10,0
49.33920201352684,12,9,0.9457732987473456,1,1
37.889838002375434,13,0,0.8347746026235628,10,0
43.48163892197841,19,7,0.8323801519552717,4,0
50.47398671316414,17,6,0.9962716628263063,2,1
41.39586634716048,5,6,0.9026920668274272,4,0
46.154444557701744,10,2,0.7769175221804541,1,0
60.0629280921444,1,0,0.8829588000131711,2,1
44.23108130476851,18,3,0.7556921886767154,8,0
58.35692112065142,18,8,0.6915501849933996,6,0
38.702931453423815,4,4,0.8387407507551038,2,0
55.298041779152825,18,0,0.9712728392455806,6,1
64.41568620657901,1,4,0.9716558080061851,10,1
25.283554998727105,9,7,0.7367621112421961,9,0
42.03104744529523,1,7,0.811070986488678,7,0
55.7707212718054,10,4,0.6846543594279445,9,0
47.96954613957007,17,8,0.9982524437995534,5,1
53.71145873371309,14,0,0.9924471631471743,7,1
43.960148132841795,8,3,0.8598035718829788,7,0
50.865897874729,18,2,0.9217656238709894,3,1
48.44322764607921,8,1,0.88604006451348,7,1
61.67782061659807,2,7,0.8372632876157873,1,0
52.54420843301213,8,6,0.6213391987955591,9,0
53.37602662075202,13,8,0.7819057370210645,10,0
45.881230338775325,18,1,0.8699145208669642,6,1
45.123937759275066,6,3,0.8710126455534739,5,1
45.67441812180379,15,5,0.7492490473689535,7,0
53.944521423782966,15,2,0.9766767946632122,5,1
45.79015519179737,0,7,0.6669428128947124,10,0
52.89774856896413,3,2,0.8001437784862242,5,0
70.75400798645438,3,1,0.876353590620329,10,1
58.711247034316926,6,2,0.8788543223567237,7,1
46.73976467832159,7,5,0.8594555827075262,10,1
62.012139221639444,16,1,0.7101152853807441,7,2
45.91924626978449,4,7,0.6624826274746488,3,0
29.61875464822146,6,0,0.8543761307306843,3,0
39.91913689082596,19,6,0.839720846455775,10,0
31.292080789741444,19,1,0.6717424041156964,3,0
46.48486515958692,3,9,0.8820556582282253,6,1
50.184183791895514,5,5,0.7820687966934625,6,0
66.76437312275283,6,1,0.8671042366412611,3,1
53.269273737641626,17,1,0.9349468319080603,3,1
47.80899471191136,4,9,0.6678913714307693,8,0
58.294055811834895,19,7,0.6076579471987347,8,0
27.88864690992115,2,1,0.9116410345583147,7,0
52.356145581085656,6,6,0.8438789700610464,10,0
57.708651938869664,13,2,0.8798558278488486,4,1
35.214137542201584,6,7,0.9352619899954571,4,0
61.43754043206929,4,6,0.9211243739298002,3,1
53.38496407494414,4,7,0.9843680587715299,5,1
45.847120860991986,1,6,0.8143740315408473,3,0
56.32781866106285,5,5,0.7953982530639622,8,0
72.70692857804396,14,6,0.760754879956292,7,2
51.81866255058495,9,4,0.6614764171376818,3,0
52.48220586300336,6,6,0.829042893152809,9,0
45.40639100459756,4,0,0.7108050097303915,5,0
41.50155630535208,0,0,0.9685230048851902,9,0
58.303358165442454,12,8,0.833276321710839,7,0
41.43916174091133,17,4,0.837136072203244,7,0
50.715662372193925,12,4,0.741969864350804,6,0
45.223425532348834,17,2,0.620795740791083,2,0
54.78979825746392,4,4,0.6126975061491954,9,0
53.33662105286948,12,2,0.769334057661279,6,0
60.375399442578995,3,8,0.6338261512388951,8,0
44.89983601145253,16,8,0.8427387822160557,1,0
47.30125064706629,2,5,0.952389202255863,5,1
40.21236284217693,16,0,0.9531659266074889,1,0
45.55706739923888,10,6,0.8636181640528929,10,1
53.77300493044852,19,6,0.6844927325891724,8,0
57.56988616645352,3,9,0.9451987325435488,8,1
40.77834675822375,1,9,0.9544373741252833,1,0
58.6960592010566,19,3,0.6786614339811835,9,0
63.55637858804951,15,7,0.894970434308271,2,2
54.13434903223701,17,5,0.7146078195708492,9,0
68.76795812558066,7,3,0.9210561249411718,1,1
42.26210800896427,2,3,0.9988951599614411,10,0
37.55345296688583,8,1,0.6120104021317571,9,0
32.212797510957216,19,1,0.9589463463163728,4,0
64.96044311489183,5,3,0.8490522134394632,9,0
56.54365656354058,9,4,0.9893530476659285,7,1
49.44415329089545,9,7,0.786003807010571,6,0
52.799686263198204,12,5,0.9389551722285495,5,1
38.74510952701623,16,3,0.6249576274393108,9,0
74.45751979616827,8,6,0.7341116200313182,2,0
51.292211819752275,16,7,0.626806615100484,2,0
51.09394794604893,8,1,0.9901372533916282,9,1
57.25766623898692,8,6,0.9267895629087347,3,1
54.810092317367136,0,1,0.9410189684983882,8,1
52.23884024279131,1,1,0.9751860925735577,9,1
42.09525544554688,15,7,0.6340413944479141,8,0
54.714683571359956,0,1,0.7542390370053333,4,0
68.82024496475034,9,8,0.6284139556176008,1,2
63.454200461549775,17,0,0.6843172406200114,4,2
65.93186626639397,7,8,0.691746310815069,9,0
44.88784323568815,10,0,0.7876428844190315,2,0
40.10395179741419,1,9,0.707424866981457,3,0
48.74213079900352,7,9,0.6403912427271045,10,0
50.557249122886944,7,1,0.6669964356376431,8,0
60.94191518470949,16,5,0.6589102254208363,6,2
33.07535370285181,14,5,0.9892307191649193,8,0
65.29550319460614,16,0,0.9037170027673894,7,2
48.419921014210104,12,6,0.9871045861078248,5,1
45.7311893005258,18,7,0.7758961946031634,9,0
39.87895624739832,4,1,0.7113473926650626,4,0
33.451433281342304,11,7,0.9193172788836746,6,0
58.231705839619146,0,8,0.7305015672164588,2,0
50.73317967188404,4,5,0.7197533494821393,2,0
37.10039100258946,7,4,0.6930023968831325,2,0
37.04921227936384,12,8,0.6518715912896941,10,0
46.64215300709872,7,8,0.7025852244067063,7,0
66.69021525289392,10,0,0.742127899389555,2,2
47.40408648636395,0,2,0.8695976832582921,2,1
34.96857046881894,12,8,0.6250259368877806,9,0
47.54256935914056,18,1,0.6842027758661372,7,0
47.27276430252329,2,3,0.9236094561166706,3,1
23.031133570584284,16,3,0.6587687694335083,3,0
49.45705133482188,4,1,0.7370580586090086,7,0
47.69065469791322,19,2,0.9458635687432561,5,1
56.96206364813418,7,2,0.661970124457377,10,0
68.48956094945345,13,0,0.6330947342472759,6,2
61.26565029547757,3,5,0.7938151980320043,8,0
47.31111309445169,10,7,0.7209678045114145,9,0
38.934740912583294,19,2,0.8253633457935416,1,0
75.0,14,4,0.9215219561933901,3,2
50.59218434014488,18,0,0.6548593952610973,7,0
50.13929291912946,6,9,0.832279633821714,6,0
49.758749128899964,18,6,0.8022035041559455,7,0
51.98084760767855,18,9,0.6576315144052798,8,0
48.556395880760576,10,0,0.8495993942115929,6,0
44.26337993119763,4,8,0.7094561671443087,3,0
44.53141058759608,4,7,0.795133727417605,2,0
49.672467297840015,7,6,0.6329089297108247,7,0
44.56575228866235,9,9,0.7838336228854492,1,0
42.871542173228356,5,6,0.7225853872171282,3,0
51.064302276918966,14,4,0.9289524844741417,4,1
47.450227825791444,15,4,0.6227914907989472,1,0
65.0399298858269,16,4,0.767442909967332,5,2
23.490301916069882,7,0,0.7833725696525752,10,0
60.91506851922462,7,7,0.8900024305196474,3,1
62.46085192497629,8,0,0.8297150300360844,2,0
29.266097675918505,1,3,0.8668849348776724,3,0
46.573124059196516,14,8,0.9108197142607024,8,1
46.28559134004209,17,8,0.9448811894632755,6,1
35.924883052821784,2,4,0.7255501986889882,7,0
42.22183312409125,16,3,0.8152090821455612,6,0
38.894241545341714,3,2,0.9360432313756799,6,0
67.52270443423623,3,2,0.9957804523860225,3,1
59.35678393147461,13,4,0.9558077244175053,8,1
62.71555094994159,8,9,0.7485869050497507,7,0
57.21672064043235,8,0,0.6780666068874601,7,0
38.70948228782771,17,4,0.7957570149626355,6,0
44.75479733720226,9,5,0.8966565807344169,5,0
54.89374561227918,3,6,0.797027628301319,10,0
37.778721911080545,11,8,0.7932723453254674,8,0
57.12998430172388,7,2,0.9352921684327202,5,1
47.59674601841865,1,1,0.7445615116268746,9,0
46.251791924504026,12,2,0.9439178699246582,9,1
57.10959968203491,15,8,0.7627219203806894,1,0
54.4426331148604,1,6,0.7312932422713357,6,0
46.3903383418092,10,8,0.7815959644798796,7,0
61.59329803364248,9,1,0.9049787834699474,3,2
39.189366724001026,14,4,0.6504008111455977,7,0
56.15935606944264,16,3,0.6785676863488069,7,0
55.93101257968384,7,1,0.9805779302652368,2,1
46.904535606860094,17,8,0.6701966509525429,7,0
53.26133022242118,8,8,0.8270909271724218,1,0
37.488864236146966,7,5,0.8317257866647751,5,0
59.24027019206901,13,5,0.7958497848200979,9,0
48.15097863557011,17,7,0.8578980994307275,7,1
44.772769794809605,19,5,0.6919306903190474,7,0
60.49009225836889,19,0,0.8210649071106992,2,2
42.95656309457241,11,3,0.7488693020987589,8,0
35.91538703636441,18,6,0.8646669038516757,3,0
34.433708264760966,13,1,0.6564894173492598,8,0
56.06009951345639,16,8,0.8283509667357905,3,0
37.19570647503717,2,7,0.6741081421533295,10,0
67.54794181984364,6,7,0.7114572252460145,7,0
29.18070592116278,16,6,0.6874839201294333,2,0
66.96456368290038,11,3,0.6731351119475268,4,2
52.11017467202618,8,1,0.9302843806242668,6,1
49.032868881296075,14,2,0.7142830270643561,9,0
44.550809131910505,17,5,0.9708495127457797,5,0
53.991361143520706,12,4,0.9879706101380763,9,1
49.62365297575152,7,7,0.8285041879748389,5,0
61.03301882016521,13,5,0.6572004490662905,10,2
51.142276486620396,7,5,0.7498192973518325,8,0
51.50301761461878,13,0,0.9190929053392856,1,1
46.36387787786144,6,3,0.7469562914788281,7,0
49.43054376278933,11,4,0.6348068873211155,4,0
53.07801768892059,10,2,0.8227139643712752,5,0
32.89831607343375,10,8,0.9380483405984139,6,0
36.518145778942866,12,0,0.9183705548574009,5,0
57.43264094022715,17,5,0.6700492560521413,1,0
51.708654381279416,1,5,0.8691058457649867,9,1
48.16016663647321,14,9,0.6882017053742588,2,0
50.184339330653934,19,4,0.6872830138208689,9,0
53.47581705361671,17,4,0.9496287093220741,10,1
44.60240319690639,14,9,0.699867581096092,2,0
42.216952745976876,18,4,0.7052989386072045,9,0
51.958452550976816,11,5,0.6002613563045198,6,0
40.21627222384968,12,7,0.9482676136502071,9,0
54.082527557144715,10,1,0.9170379252836539,6,1
32.9741639576216,4,5,0.8509315740362712,6,0
60.29155637325644,0,0,0.900106305575537,2,1
54.72597482413043,2,3,0.6608194269697967,8,0
52.56029734313876,18,9,0.7833294378350302,3,0
59.82690983945514,6,2,0.7404877549395124,7,0
66.65474444462576,11,8,0.6375106105028066,5,2
60.1437006501813,14,2,0.7944521940859697,3,2
31.591257686683548,4,5,0.9682958601370542,1,0
37.204230332642986,14,0,0.6160236476202777,8,0
43.75181422304321,7,5,0.7165843653975176,3,0
50.26091050210834,9,3,0.6830163744822814,2,0
55.17659020469123,15,7,0.6952586614662786,1,0
42.742561868465344,7,8,0.9633738207517502,4,0
51.86766764477078,0,3,0.7872276216937161,8,0
42.44617067646678,11,9,0.7865197651759275,3,0
43.884821970080516,4,9,0.9042302569821129,1,0
35.93338903151778,2,5,0.6617968816019703,4,0
40.76766753889096,0,0,0.7949061416400203,9,0
36.48315394383666,3,3,0.7719940856484239,1,0
40.241267470226674,7,6,0.8387642762186625,2,0
60.536417966078396,2,0,0.9998230813001754,9,1
40.50601111168057,9,7,0.9077795576328188,2,0
75.0,1,9,0.7591462812069709,3,0
54.93317900880889,10,5,0.9310212209096188,7,1
51.84836123694874,9,4,0.668283345324992,3,0
41.41642219818787,13,9,0.6121854745235841,9,0
57.003098794089915,6,8,0.6817793489857092,6,0
44.24362173762226,1,1,0.7361646224457039,3,0
51.220098146453616,8,4,0.804232302983824,9,0
75.0,15,5,0.8460516562164799,1,2
49.0394010027535,12,6,0.9642422868857687,10,1
61.49273326285676,8,4,0.8039416038201831,3,0
42.96823574874112,19,8,0.8005102578502917,1,0
49.65011509503038,3,0,0.6200972039291929,2,0
67.7080063563551,9,6,0.6139646210624895,8,2
43.730329422122324,11,9,0.8204639847665488,7,0
68.12448557996929,16,6,0.7752714452993378,2,2
57.07751935455475,13,3,0.9356721579921194,2,1
44.37533224105732,13,8,0.6642718338847381,9,0
56.32407739055521,1,4,0.6099886648468198,6,0
59.7255444962673,19,3,0.7796155071720503,5,0
56.21809962217196,10,6,0.694991422700903,10,0
34.297752801095434,15,3,0.6198457493355349,6,0
42.728628241751316,18,2,0.8898393147390515,9,0
47.52481364448495,5,8,0.6446371999828989,7,0
49.25566570899954,18,7,0.8433278000031087,10,0
56.206720975506784,4,0,0.7124199000667557,10,0
51.777010009332535,3,6,0.6693984201420088,9,0
36.64655641289899,14,8,0.7519006091677269,4,0
53.801978510059634,3,7,0.9205783104891815,2,1
56.10585745283823,19,7,0.7568374307618291,8,0
55.5979044793104,9,5,0.9003078596844223,4,1
60.807807255546216,2,3,0.6501945187196603,9,0
58.33922154548904,4,7,0.9091085678660317,4,1
54.59180079228437,5,2,0.6947733299626595,8,0
49.29834288541353,7,8,0.8709572519555491,9,1
33.39039066484008,6,1,0.8263126219363985,9,0
54.296182191325855,9,1,0.9716578868846749,10,1
52.076876871631114,5,6,0.7549290071901256,4,0
52.715788371953735,13,9,0.6264660755337762,1,0
37.232514241796906,3,3,0.6076621942205012,3,0
39.189434595917376,12,9,0.9307434243891013,9,0
60.53152853332904,19,7,0.8098942550645729,4,2
49.60444846143345,16,8,0.9100976207339797,5,1
56.81500697372624,6,6,0.6937702400046059,7,0
50.28318376130461,3,4,0.7380334982052935,5,0
50.297561394957455,13,7,0.6120415488845276,4,0
59.382838059759976,2,3,0.9845969298296449,2,1
44.83955271782626,4,1,0.8671471626803253,2,0
50.96120776940983,15,5,0.9732820351037225,4,1
45.377247112949576,19,8,0.706198562971629,10,0
45.65503772567684,3,0,0.8445854444902643,10,0
46.908278765313604,1,9,0.871399987317055,9,1
52.22133771633713,17,6,0.7270198801030354,8,0
45.212513783365225,18,9,0.9392436940062521,3,1
62.55756125573521,18,8,0.9788645851600991,9,2
41.05392697780496,16,9,0.9539420470784017,5,0
48.13128355838641,13,8,0.895626790375749,3,1
45.60268941725825,18,9,0.7109858718899816,5,0
64.46977884353733,12,2,0.7126464168422527,10,2
51.965547765115744,11,4,0.9853441281784152,4,1
60.31844539468635,5,7,0.6041137983742768,8,0
35.14439626963028,3,7,0.8864199892968578,5,0
52.67050265869259,18,3,0.8824984650221048,10,1
58.89630795623437,15,0,0.849075816379919,8,0
50.82283989275424,12,0,0.9960435384347464,9,1
60.654803750653514,3,3,0.7247517743054901,4,0
44.82711549899628,16,5,0.7359887455172993,7,0
64.0934744018558,0,7,0.6315757611786222,2,0
72.9889812361925,17,5,0.777119254617495,6,2
46.37161439560341,19,8,0.7044194104939392,8,0
45.54497478599228,16,8,0.7373546808710577,7,0
64.533844771177,14,1,0.933828716102251,7,2
65.79572145730712,10,9,0.9741938054109983,8,2
44.771399728467316,12,0,0.6742932288020742,7,0
45.798131829041424,0,1,0.7490035726213864,5,0
47.18215391139493,16,4,0.9714522248461577,7,1
36.555494889657226,5,3,0.6247233842756891,10,0
40.81348053515802,3,3,0.6369442112445514,3,0
39.95859233247932,19,8,0.6651163956824917,5,0
42.32202434895871,15,7,0.8380851336507499,7,0
49.65315112613219,14,5,0.660188908402399,9,0
52.342147325365204,14,0,0.9872305525802934,2,1
65.50500492814076,5,1,0.7786858109034082,4,0
40.016459592612094,14,5,0.8006071841400666,7,0
59.843223984765835,13,1,0.6986634463221626,1,0
47.86011155774491,10,9,0.7883841009738934,2,0
49.50536290347567,6,4,0.8647654530548046,9,1
56.74819492166604,8,4,0.9004708547816171,10,1
38.772779784377015,15,5,0.9015472330839652,7,0
53.82409746184051,4,5,0.8311564450776353,10,0
51.66452208213056,19,5,0.9617439099975429,7,1
54.92451264008149,9,1,0.9269631389224438,6,1
52.89168643907818,17,9,0.9028192458794502,3,1
74.55300139910895,2,2,0.6222422086721843,10,0
43.62260015748684,12,5,0.6027511848878597,3,0
44.690030449981826,10,7,0.6849789108781892,2,0
43.76859473575236,16,0,0.8654094375653809,6,0
44.44522880839745,12,0,0.7644789955530183,4,0
43.62612872693482,5,1,0.7609625037197247,5,0
61.89016531107552,16,5,0.9538347552918455,3,2
64.20504247989855,12,8,0.9582251392527354,6,2
44.29253706250524,18,3,0.9636701056214343,3,0
41.67644426895771,18,2,0.7255512306060109,8,0
54.71415556386404,9,7,0.8764223250957046,9,1
44.477769557190285,2,9,0.7086532725097479,4,0
56.32931817755511,13,8,0.6762439332297799,9,0
52.029230208513,18,4,0.6738529829389477,7,0
34.84255885002768,4,8,0.7368430483454376,3,0
65.47505201330061,4,1,0.7719830479119287,7,0
67.95877673095522,19,2,0.9323796684220274,1,2
43.87211309515614,16,6,0.6479564373890848,3,0
46.122984400640156,9,6,0.8939703389579576,6,1
52.85865390724905,4,5,0.8125819656757222,4,0
53.34456789987025,3,5,0.715178137070397,7,0
56.5854427267283,5,1,0.7971278338131298,3,0
70.1020453876635,3,9,0.7199768279108091,1,0
48.2305277250595,6,5,0.8384327820953223,9,0
42.01702755461546,6,3,0.7735375691420977,6,0
36.20680771985473,17,2,0.6657622116315515,8,0
42.69069960058081,2,1,0.6466332298222787,3,0
49.66873027126203,0,0,0.8186782728288521,8,0
67.94557863517788,3,4,0.9609652133144414,2,1
44.823887009638284,5,1,0.7375830746230743,4,0
52.237879516388986,8,1,0.8932000428890492,3,1
49.83577103927248,13,6,0.8634645419759068,10,1
61.88393273448084,11,7,0.9726219657237924,1,2
75.0,19,9,0.9283924069196563,7,2
44.69131227079679,3,7,0.8266421035621851,10,0
45.10560557481778,11,3,0.8628121992936428,2,1
60.44160877069072,9,0,0.959354586633614,4,2
56.81891489626312,6,6,0.759807513834774,9,0
68.46707325736034,2,0,0.730717882343111,6,0
55.839281853259635,13,3,0.6043244334540785,8,0
46.40707909212941,9,7,0.9306204296765856,2,1
55.90654830692309,15,1,0.920392280161346,7,1
61.087035805829075,15,5,0.6417818072400605,6,2
58.204821811973645,9,5,0.83074295245308,9,0
55.07274031107298,12,8,0.7855926792667549,7,0
60.666746895891535,5,4,0.6474836382036445,1,0
61.692955904456724,11,9,0.9922272908242894,8,2
63.82158991037527,8,3,0.6858783549853422,10,0
56.48709887589643,12,4,0.6268936720362245,3,0
48.328819196831454,3,9,0.8379389518007638,2,0
51.46713686433323,10,4,0.895546670853213,3,1
62.06508966508357,19,7,0.6129773784188748,6,2
41.83064329012764,17,9,0.8634870554908088,3,0
53.686733088729014,10,7,0.8129167503805818,10,0
46.06661187672639,3,1,0.6413060035500193,5,0
50.28744822934817,17,6,0.6690095507785448,6,0
62.78451862607299,0,7,0.8271897189264322,8,0
51.910990680199035,6,5,0.7185430454053153,7,0
50.46436548156149,5,4,0.9753262914605264,8,1
36.40143859020081,14,8,0.9274960917936204,3,0
57.46253566027221,17,2,0.9934268826054652,4,1
56.45484181141075,10,9,0.7038683355801656,6,0
71.6325472330546,19,3,0.9878894531191909,7,2
46.92221765046999,14,8,0.7724935479166232,9,0
52.19150327663939,15,5,0.7390075181255018,1,0
52.49383683710755,6,7,0.6201398107877413,8,0
65.77453279763475,9,6,0.6211061031438411,8,2
49.047044676130476,11,1,0.8768045023786619,6,1
52.790215257703395,13,2,0.7831715977736111,4,0
56.078965097165394,4,0,0.6906086504144423,3,0
51.86609123156358,17,8,0.8455881225300931,3,0
45.535663854494715,4,6,0.7011432473000445,6,0
51.94089992898308,2,0,0.831052701737769,8,0
60.73631749859772,4,2,0.7436834987930762,7,0
39.7348470058894,16,3,0.9294208906447277,1,0
51.32969674146876,18,3,0.9282784643067117,6,1
42.99879185060827,18,4,0.7909401592489606,7,0
61.950466289248425,11,2,0.7403276437340063,7,2
34.76813095216225,8,2,0.7450239186236378,9,0
44.410781527284115,0,0,0.9222858102672872,10,0
53.772118750645205,17,6,0.7312717931190448,5,0
65.65524029234341,3,9,0.6836237494827384,1,0
49.34249738927012,9,0,0.6338753367501228,2,0
44.44800473306802,6,1,0.7866772483537634,4,0
68.8115706944059,0,3,0.7928528395679367,5,0
35.51986099583756,16,3,0.9363634841611629,9,0
28.011940433799182,1,4,0.6884954785784256,1,0
54.40014450053332,10,1,0.7523965094673599,3,0
44.97945775647389,8,3,0.9233622955574764,5,0
39.787671828692865,6,0,0.9294494442995894,3,0
57.08356447299353,16,1,0.7538444303915073,4,0
52.43800713771199,16,0,0.7836496093146723,3,0
44.359213692632714,1,9,0.7213143563397132,4,0
37.19695601329106,5,9,0.9730219513677248,1,0
58.724573282801444,13,3,0.6474575062966321,8,0
56.50201177958661,5,3,0.973499769200588,4,1
49.00824136220617,1,6,0.8735465807341373,7,1
68.46636996047665,0,9,0.8126288610746925,2,0
39.29915233673847,9,8,0.6130636243137983,2,0
34.74474829075261,4,8,0.7902384767288033,6,0
43.080919301187556,1,4,0.7630992420010929,2,0
49.54413983644502,15,9,0.664487524790049,6,0
52.43339449322692,1,0,0.8625638414002628,2,1
47.5876394214367,9,0,0.9884603629473143,4,1
53.520553965142966,1,5,0.82487552442581,7,0
37.48460575809556,15,1,0.8859013105775784,8,0
64.4376460407326,15,7,0.6273801810264067,3,2
49.178488216074314,18,8,0.7670667983267979,9,0
61.172958315881274,6,3,0.6465433940657983,2,0
53.42725346377704,11,4,0.8451183342146041,8,0
54.567532191537836,14,7,0.9753928632856619,8,1
55.69767280232204,7,2,0.8647110929886554,4,1
54.47708560017315,5,4,0.6307212193257686,1,0
56.42722759867544,9,2,0.7418664819940332,1,0
63.29152530132431,2,9,0.8202653517763406,2,0
51.9652116970147,18,2,0.7612831024533009,9,0
57.09003757588512,16,2,0.933457604190069,2,1
49.102643057127736,6,6,0.9258684018839957,2,1
64.40117215449473,19,6,0.8447324080412886,6,2
43.2360769794073,3,6,0.7493831780530821,7,0
68.00940432910815,13,9,0.7021345495052976,7,2
49.59842049355657,19,7,0.6423497272852517,9,0
35.69224897881952,14,4,0.7419590733946216,6,0
51.28104414910789,7,4,0.7652690068830879,8,0
43.18948342525119,14,3,0.8703291700416294,6,0
58.406435489887244,19,6,0.8632639297190294,2,1
43.47376020697609,13,9,0.6280432558565028,1,0
45.538165667852205,8,3,0.7581037261724631,5,0
31.104592690544692,7,1,0.6727115468869448,9,0
45.47693680750923,16,3,0.6627250821267222,8,0
25.761206733710434,1,7,0.9309208598948984,4,0
34.16097176514277,2,8,0.616766086686503,5,0
57.604146561442974,7,2,0.7676731503608485,5,0
57.85800158650832,11,6,0.6672814623066072,6,0
54.254575617849646,0,8,0.9517320862713896,3,1
40.33023856870787,9,3,0.8228162053100141,5,0
49.5228864385802,19,9,0.6925522545507392,2,0
49.963974609094315,2,2,0.8009709148665506,10,0
38.416353108074574,5,4,0.8925945438812464,1,0
65.0339830176715,6,0,0.9832472035677735,1,1
58.77362290575671,19,2,0.6881784016981676,10,0
47.79035826170336,17,7,0.9544727088517381,7,1
50.26885838994531,10,7,0.9737216456669961,2,1
52.08382807947552,18,3,0.9665682178128265,4,1
29.582651315757094,4,1,0.854165742744764,5,0
47.52822617479403,18,7,0.851928261773883,7,1
43.180157520022014,10,7,0.7612842532735291,2,0
39.983799901050844,11,9,0.9009591529215152,6,0
47.18899707114045,9,3,0.8125176073403728,1,0
67.97686526849523,7,2,0.8709752284913177,7,1
56.4084286126701,8,1,0.7713831615395181,9,0
44.28821010217203,3,8,0.8925985856172556,5,0
55.72582781356159,4,0,0.9297886070418196,5,1
